N_Training,N_Test,N_Descriptors,Rp,Rs,SD,RMSE
500,195,2695,0.125,0.339,7.5631480253270145e+34,7.524262687868759e+34
